,car_type,firm,area,km,cost,year of prudaction,time of ad
0,רכב פרטי,סוזוקי - סוויפט,בקעת אונו,167000,"24,000 ₪",2010,6 שעות 
1,רכב פרטי,מאזדה - 3,חיפה וחוף הכרמל,141542,"34,000 ₪",2010,4 שעות 
2,רכב פרטי,טויוטה - יאריס,מושבים בשרון,169000,"15,900 ₪",2007,1 ימים 
3,רכב פרטי,טויוטה - קורולה,נתניה והסביבה,180000,"10,000 ₪",2002,1 ימים 
4,רכב פרטי,מרצדס - E-CLASS,חיפה וחוף הכרמל,129000,"70,000 ₪",2009,4 שעות 
5,רכב פרטי,מרצדס - S-CLASS,קריות,293000,"109,500 ₪",2008,8 שעות 
6,רכב פרטי,פולקסווגן - גולף,קריות,150000,"46,000 ₪",2016,9 שעות 
7,רכב פרטי,טויוטה - קורולה,מושבים בשרון,99000,"69,900 ₪",2017,1 ימים 
8,רכב פרטי,יונדאי - סונטה,נתניה והסביבה,155000,לא צויין,2016,1 ימים 
9,רכב פרטי,פורד - פיאסטה,אשדוד - אשקלון,159000,"24,000 ₪",2014,8 שעות 
10,רכב פרטי,הונדה - סיוויק האצ’בק החדשה,קריות,105000,"95,000 ₪",2018,9 שעות 
11,רכב פרטי,פורד - פוקוס,קריות,112000,"47,000 ₪",2016,10 שעות 
12,רכב פרטי,טויוטה - ורסו,נתניה והסביבה,59000,"110,000 ₪",2018,1 ימים 
13,רכב פרטי,סוזוקי - קרוסאובר,רמת השרון - הרצליה,0,לא צויין,2022,1 ימים 
14,רכב פרטי,מאזדה - 3,חיפה וחוף הכרמל,300000,"23,500 ₪",2010,12 שעות 
15,רכב פרטי,טויוטה - אוריס,מושבים בשרון,146000,"63,900 ₪",2017,1 ימים 
16,רכב פרטי,סקודה - סופרב,בית שמש והסביבה,127000,"47,000 ₪",2014,1 ימים 
17,רכב פרטי,מאזדה - 3,חיפה וחוף הכרמל,85000,"91,200 ₪",2018,1 ימים 
18,רכב פרטי,טויוטה - קאמרי,נתניה והסביבה,198000,"33,900 ₪",2008,1 ימים 
19,רכב פרטי,פורד - מונדאו,אשדוד - אשקלון,163000,"8,000 ₪",2010,1 ימים 
20,רכב פרטי,פיג’ו - 5008,מושבים בשרון,99000,"36,900 ₪",2015,1 ימים 
21,רכב פרטי,טויוטה - קורולה,נתניה והסביבה,230000,"14,000 ₪",2005,2 ימים 
22,רכב פרטי,פורד - גלאקסי,רמלה - לוד,217000,"30,200 ₪",2011,1 ימים 
23,רכב פרטי,פולקסווגן - פאסאט,"ראשל""צ והסביבה",128000,"65,000 ₪",2016,2 ימים 
24,רכב פרטי,יונדאי - i30cw,"ראשל""צ והסביבה",150000,"33,000 ₪",2013,1 ימים 
25,רכב פרטי,קיה - פיקנטו,פתח תקוה והסביבה,55000,"67,000 ₪",2019,2 ימים 
26,רכב פרטי,סקודה - ראפיד,נתניה והסביבה,38000,"72,000 ₪",2019,1 ימים 
27,רכב פרטי,קיה - אופטימה,רמת גן - גבעתיים,110000,"112,000 ₪",2018,2 ימים 
28,רכב פרטי,פיאט - 500,רמת גן - גבעתיים,17000,"67,000 ₪",2019,1 ימים 
29,רכב פרטי,סקודה - אוקטביה,רמת גן - גבעתיים,206123,"22,000 ₪",2011,1 ימים 
30,רכב פרטי,פיאט - קובו,נתניה והסביבה,149000,"22,000 ₪",2014,1 ימים 
31,רכב פרטי,מרצדס - S-CLASS,פתח תקוה והסביבה,290000,"72,000 ₪",2008,1 ימים 
32,רכב פרטי,אופל - אסטרה,ירושלים והסביבה,152000,"23,000 ₪",2013,2 ימים 
33,רכב פרטי,סקודה - אוקטביה,נתניה והסביבה,102000,"78,000 ₪",2017,1 ימים 
34,רכב פרטי,סוזוקי - קרוסאובר,מושבים בשרון,116000,"54,900 ₪",2015,1 ימים 
35,רכב פרטי,הונדה - HRV,נתניה והסביבה,92000,לא צויין,2017,1 ימים 
36,רכב פרטי,סיטרואן - C3,ירושלים והסביבה,165000,"8,910 ₪",2003,2 ימים 
37,רכב פרטי,יונדאי - i20,בקעת אונו,10000,"87,000 ₪",2021,1 ימים 
38,רכב פרטי,טויוטה - קורולה,מושבים בשרון,37000,"87,000 ₪",2018,1 ימים 
39,רכב פרטי,אאודי - 80,ירושלים והסביבה,99180,"36,000 ₪",1991,2 ימים 
40,רכב פרטי,פיג’ו - 508,מושבים בשרון,93000,"35,900 ₪",2015,1 ימים 
41,רכב פרטי,קרייזלר - גראנד וויאג’ר,חדרה וישובי עמק חפר,135000,"48,000 ₪",2011,2 ימים 
42,רכב פרטי,רנו - קופה,מושבים בצפון,120000,"72,000 ₪",2017,2 ימים 
43,רכב פרטי,אאודי - A6,נתניה והסביבה,94000,"80,000 ₪",2014,1 ימים 
44,רכב פרטי,מאזדה - 6,נתניה והסביבה,33000,"119,000 ₪",2019,1 ימים 
45,רכב פרטי,מיצובישי - ספייס סטאר,ירושלים והסביבה,185000,"23,000 ₪",2014,2 ימים 
46,רכב פרטי,סוזוקי - ליאנה החדשה,פתח תקוה והסביבה,200900,"6,700 ₪",2006,3 ימים 
47,רכב פרטי,טויוטה - C-HR,רמת גן - גבעתיים,21000,"135,000 ₪",2018,3 ימים 
48,רכב פרטי,קרייזלר - טאון קאנטרי,רמת גן - גבעתיים,301000,"9,000 ₪",2007,3 ימים 
49,רכב פרטי,ב.מ.וו - סדרה 3,בקעת אונו,108000,"158,000 ₪",2017,2 ימים 
50,רכב פרטי,ב.מ.וו - סדרה 1,נתניה והסביבה,199000,"19,900 ₪",2007,1 ימים 
51,רכב פרטי,קיה - פיקנטו,מושבים בשרון,93000,"48,000 ₪",2015,2 ימים 
52,רכב פרטי,הונדה - סיוויק האצ’בק החדשה,מושבים בשרון,91000,"61,900 ₪",2017,1 ימים 
53,רכב פרטי,יונדאי - ACCNET,ירושלים והסביבה,185000,"6,950 ₪",2006,2 ימים 
54,רכב פרטי,יונדאי - אלנטרה,באר שבע והסביבה,108500,"68,000 ₪",2017,2 ימים 
55,רכב פרטי,פיג’ו - 301,מושבים בשרון,109000,"16,900 ₪",2015,1 ימים 
56,רכב פרטי,הונדה - סיוויק האצ’בק החדשה,גליל ועמקים,220000,"28,000 ₪",2010,2 ימים 
57,רכב פרטי,פיג’ו - RCZ	,מושבים בשרון,128000,"62,900 ₪",2013,1 ימים 
58,רכב פרטי,הונדה - ג’אז,חדרה וישובי עמק חפר,31000,"81,000 ₪",2019,1 ימים 
59,רכב פרטי,רנו - מגאן,ירושלים והסביבה,180000,"27,000 ₪",2013,2 ימים 
60,רכב פרטי,טויוטה - יאריס,תל אביב,76000,"61,000 ₪",2016,1 ימים 
61,רכב פרטי,רנו - סניק,ירושלים והסביבה,87000,"22,000 ₪",2011,10 שעות 
62,רכב פרטי,סיאט - איביזה,מודיעין והסביבה,77000,"54,000 ₪",2017,1 ימים 
63,רכב פרטי,פורד - פוקוס,נס ציונה - רחובות,140000,"16,000 ₪",2012,20 שעות 
64,רכב פרטי,ניסאן - מקסימה,נתניה והסביבה,119000,"96,000 ₪",2016,1 ימים 
65,רכב פרטי,שברולט - סוניק,נתניה והסביבה,183000,"15,900 ₪",2012,1 ימים 
66,רכב פרטי,סיטרואן - C3,רמת גן - גבעתיים,168000,"20,000 ₪",2011,1 ימים 
67,רכב פרטי,מאזדה - 3,רמת השרון - הרצליה,35000,"82,000 ₪",2018,1 ימים 
68,רכב פרטי,סוזוקי - אלטו,פתח תקוה והסביבה,67000,"31,000 ₪",2014,1 ימים 
69,רכב פרטי,יונדאי - איוניק,רמת השרון - הרצליה,31000,"102,000 ₪",2019,1 ימים 
70,רכב פרטי,ב.מ.וו - סדרה 3,אשדוד - אשקלון,99000,"184,000 ₪",2017,19 שעות 
71,רכב פרטי,אאודי - A3,נתניה והסביבה,54000,"137,900 ₪",2017,1 ימים 
72,רכב פרטי,הונדה - סיוויק סדאן החדשה,עמק יזרעאל,165000,"18,000 ₪",2008,9 שעות 
73,רכב פרטי,ניסאן - מקסימה,מושבים בשרון,125000,"90,900 ₪",2018,1 ימים 
74,רכב פרטי,קיה - פיקנטו,מושבים בשרון,127000,"36,900 ₪",2015,1 ימים 
75,רכב פרטי,מאזדה - 3,מושבים בשרון,33000,"93,000 ₪",2019,1 ימים 
76,רכב פרטי,קיה - נירו הייבריד,רמלה - לוד,66000,"112,000 ₪",2018,11 שעות 
77,רכב פרטי,טויוטה - C-HR,נס ציונה - רחובות,105000,"106,500 ₪",2017,1 ימים 
78,רכב פרטי,סקודה - סיטיגו,מושבים בדרום,170000,"21,500 ₪",2014,18 שעות 
79,רכב פרטי,הונדה - סיוויק,נס ציונה - רחובות,268000,"10,000 ₪",2005,1 ימים 
80,רכב פרטי,מאזדה - 3,חולון - בת ים,149500,"25,000 ₪",2007,2 ימים 
81,רכב פרטי,פולקסווגן - פאסאט CC,חיפה וחוף הכרמל,225000,"35,990 ₪",2009,1 ימים 
82,רכב פרטי,סקודה - סופרב,אשדוד - אשקלון,200000,"93,000 ₪",2017,2 ימים 
83,רכב פרטי,פורד - מונדאו,פתח תקוה והסביבה,170000,"9,500 ₪",2009,2 ימים 
84,רכב פרטי,אופל - מוקה,"ראשל""צ והסביבה",97000,"51,000 ₪",2015,1 ימים 
85,רכב פרטי,קיה - סטוניק,ירושלים והסביבה,35000,"96,000 ₪",2019,3 ימים 
86,רכב פרטי,אאודי - S5,מודיעין והסביבה,152000,"70,000 ₪",2009,1 ימים 
87,רכב פרטי,סיאט - לאון,רמת גן - גבעתיים,23123,"125,000 ₪",2019,1 ימים 
88,רכב פרטי,קיה - פיקנטו,חדרה וישובי עמק חפר,78000,"43,000 ₪",2015,2 ימים 
89,רכב פרטי,מרצדס - A-CLASS,פתח תקוה והסביבה,110000,"140,000 ₪",2016,2 ימים 
90,רכב פרטי,הונדה - סיוויק האצ’בק החדשה,ירושלים והסביבה,113000,"35,000 ₪",2010,2 ימים 
91,רכב פרטי,סיטרואן - C3 פיקאסו,נתניה והסביבה,99000,"33,000 ₪",2016,1 ימים 
92,רכב פרטי,קיה - פיקנטו,מושבים בשרון,109000,"36,900 ₪",2015,1 ימים 
93,רכב פרטי,טויוטה - קורולה,גליל ועמקים,315000,"10,000 ₪",2006,2 ימים 
94,רכב פרטי,קיה - פיקנטו,פתח תקוה והסביבה,14500,"39,000 ₪",2015,6 ימים 
95,רכב פרטי,הונדה - סיוויק האצ’בק החדשה,נתניה והסביבה,77000,"79,000 ₪",2018,1 ימים 
96,רכב פרטי,יונדאי - i35,פתח תקוה והסביבה,152000,"42,000 ₪",2013,2 ימים 
97,רכב פרטי,וולוו - S80,גדרה יבנה והסביבה,148000,"25,000 ₪",2008,2 ימים 
98,רכב פרטי,ניסאן - מיקרה,נתניה והסביבה,69000,"49,000 ₪",2018,1 ימים 
99,רכב פרטי,פורד - פוקוס,מושבים בשרון,265000,"14,000 ₪",2012,2 ימים 
100,רכב פרטי,ב.מ.וו - סדרה 1,מודיעין והסביבה,120000,"59,000 ₪",2012,1 ימים 
101,רכב פרטי,מאזדה - 3,בקעת אונו,5000,לא צויין,2021,2 ימים 
102,רכב פרטי,יונדאי - גטס,פתח תקוה והסביבה,168600,"10,000 ₪",2009,3 ימים 
103,רכב פרטי,הונדה - אקורד,נתניה והסביבה,189400,"30,000 ₪",2010,3 ימים 
104,רכב פרטי,וולוו - S90,בקעת אונו,28600,"308,000 ₪",2019,1 ימים 
105,רכב פרטי,אופל - אסטרה,נתניה והסביבה,119000,"37,000 ₪",2016,1 ימים 
106,רכב פרטי,סובארו - אימפרזה WRX STI,מושבים בצפון,117700,"175,000 ₪",2014,3 ימים 
107,רכב פרטי,סובארו - XV,מושבים בשרון,129000,"61,900 ₪",2015,1 ימים 
108,רכב פרטי,שברולט - אבאו,חדרה וישובי עמק חפר,159000,"6,000 ₪",2009,3 ימים 
109,רכב פרטי,פיג’ו - 2008,חיפה וחוף הכרמל,112000,לא צויין,2014,3 ימים 
110,רכב פרטי,סקודה - אוקטביה,מושבים בצפון,195000,"47,000 ₪",2015,2 ימים 
111,רכב פרטי,סיאט - לאון,מושבים בשרון,69000,"87,900 ₪",2018,1 ימים 
112,רכב פרטי,מרצדס - C-CLASS,"ראשל""צ והסביבה",407000,"30,000 ₪",2010,3 ימים 
113,רכב פרטי,מאזדה - 5,רמת גן - גבעתיים,243000,"20,500 ₪",2007,3 ימים 
114,רכב פרטי,מאזדה - 3,חיפה וחוף הכרמל,67000,"94,000 ₪",2018,3 ימים 
115,רכב פרטי,לקסוס - RC,נתניה והסביבה,39000,"194,000 ₪",2018,1 ימים 
116,רכב פרטי,שברולט - קרוז,עכו - נהריה,300000,"25,000 ₪",2014,279 ימים 
117,רכב פרטי,פורד - פוקוס,"ראשל""צ והסביבה",142000,"25,000 ₪",2013,2 ימים 
118,רכב פרטי,אופל - מוקה X,גדרה יבנה והסביבה,17000,"74,000 ₪",2018,3 ימים 
119,רכב פרטי,קרייזלר - גראנד וויאג’ר,מושבים בשרון,126000,"53,900 ₪",2014,1 ימים 
120,רכב פרטי,קיה - קארנס,מודיעין והסביבה,100000,"95,000 ₪",2018,3 ימים 
121,רכב פרטי,סקודה - סקאלה,חיפה וחוף הכרמל,17990,"127,000 ₪",2021,1 ימים 
122,רכב פרטי,יונדאי - i10,נס ציונה - רחובות,56000,"56,400 ₪",2018,4 ימים 
123,רכב פרטי,קיה - ריו,גדרה יבנה והסביבה,185000,"26,000 ₪",2013,3 ימים 
124,רכב פרטי,אופל - קורסה,ירושלים והסביבה,13500,"110,000 ₪",2021,4 ימים 
125,רכב פרטי,קרייזלר - גראנד וויאג’ר,נס ציונה - רחובות,110000,"45,000 ₪",2011,1 ימים 
126,רכב פרטי,סקודה - פאביה,קריות,177000,"26,500 ₪",2011,4 ימים 
127,רכב פרטי,סוזוקי - בלנו,חיפה וחוף הכרמל,90000,"70,000 ₪",2019,1 ימים 
128,רכב פרטי,פולקסווגן - פולו,חיפה וחוף הכרמל,5000,"101,000 ₪",2021,1 ימים 
129,רכב פרטי,קיה - ריו,גדרה יבנה והסביבה,204000,"22,000 ₪",2012,3 ימים 
130,רכב פרטי,טויוטה - קורולה,חיפה וחוף הכרמל,52000,"118,000 ₪",2020,1 ימים 
131,רכב פרטי,סקודה - סקאלה,אשדוד - אשקלון,20000,"115,000 ₪",2021,3 ימים 
132,רכב פרטי,יונדאי - ACCNET,תל אביב,109000,"11,000 ₪",2009,4 ימים 
133,רכב פרטי,סיטרואן - DS5	,תל אביב,187600,"65,000 ₪",2014,361 ימים 
134,רכב פרטי,קיה - פיקנטו,חיפה וחוף הכרמל,8000,"80,000 ₪",2021,1 ימים 
135,רכב פרטי,מאזדה - 3,מודיעין והסביבה,96500,"78,000 ₪",2018,3 ימים 
136,רכב פרטי,מרצדס - GLE,פתח תקוה והסביבה,18000,לא צויין,2021,3 ימים 
137,רכב פרטי,מאזדה - 3,פתח תקוה והסביבה,186000,"15,000 ₪",2005,3 ימים 
138,רכב פרטי,מאזדה - 2,רמת גן - גבעתיים,156000,"26,000 ₪",2010,3 ימים 
139,רכב פרטי,טויוטה - אוריס,חיפה וחוף הכרמל,82000,"77,000 ₪",2016,1 ימים 
140,רכב פרטי,סיטרואן - C4 פיקאסו,רעננה - כפר סבא,128000,"25,000 ₪",2013,5 ימים 
141,רכב פרטי,סיאט - איביזה,מודיעין והסביבה,185000,"19,500 ₪",2012,1 ימים 
142,רכב פרטי,יונדאי - סונטה,גליל ועמקים,93000,"96,000 ₪",2016,5 ימים 
143,רכב פרטי,טויוטה - יאריס,חיפה וחוף הכרמל,33000,"81,000 ₪",2018,1 ימים 
144,רכב פרטי,פולקסווגן - ג’טה,פתח תקוה והסביבה,160000,"18,500 ₪",2010,5 ימים 
145,רכב פרטי,קיה - נירו הייבריד,חיפה וחוף הכרמל,33000,"128,000 ₪",2021,1 ימים 
146,רכב פרטי,סוזוקי - סוויפט,חיפה וחוף הכרמל,70000,"66,000 ₪",2017,1 ימים 
147,רכב פרטי,שברולט - אבאו,אילת והערבה,142000,"5,500 ₪",2008,5 ימים 
148,רכב פרטי,קיה - ריו,פתח תקוה והסביבה,150000,"27,000 ₪",2013,5 ימים 
149,רכב פרטי,מרצדס - CLA,גליל ועמקים,87000,"135,000 ₪",2015,5 ימים 
150,רכב פרטי,קיה - פיקנטו,חיפה וחוף הכרמל,24000,"73,000 ₪",2019,1 ימים 
151,רכב פרטי,טויוטה - C-HR,גדרה יבנה והסביבה,52000,"122,000 ₪",2022,4 ימים 
152,רכב פרטי,קיה - סיד,חיפה וחוף הכרמל,140000,"49,000 ₪",2016,1 ימים 
153,רכב פרטי,קיה - ריו,רמת גן - גבעתיים,170000,לא צויין,2013,4 ימים 
154,רכב פרטי,מרצדס - GT AMG,נתניה והסביבה,17000,לא צויין,2020,1 ימים 
155,רכב פרטי,יונדאי - ACCNET,ירושלים והסביבה,4100,"106,500 ₪",2020,5 ימים 
156,רכב פרטי,פיג’ו - 107,חיפה וחוף הכרמל,90000,"13,000 ₪",2013,4 ימים 
157,רכב פרטי,מאזדה - 3,אשדוד - אשקלון,208000,"13,000 ₪",2008,5 ימים 
158,רכב פרטי,מיני - קופר,נתניה והסביבה,76000,לא צויין,2016,1 ימים 
159,רכב פרטי,יונדאי - איוניק,מושבים בדרום,135000,"70,000 ₪",2018,4 ימים 
160,רכב פרטי,שברולט - ספארק,חיפה וחוף הכרמל,23500,"59,000 ₪",2017,1 ימים 
161,רכב פרטי,הונדה - אקורד,"ראשל""צ והסביבה",325000,"12,500 ₪",2003,5 ימים 
162,רכב פרטי,שברולט - אפלנדר,חולון - בת ים,160000,"16,500 ₪",2009,5 ימים 
163,רכב פרטי,מאזדה - 3,באר שבע והסביבה,28000,"113,000 ₪",2019,5 ימים 
164,רכב פרטי,שברולט - מאליבו,תל אביב,115000,"59,000 ₪",2016,5 ימים 
165,רכב פרטי,סיטרואן - C3,בקעת אונו,67100,"60,550 ₪",2018,5 ימים 
166,רכב פרטי,יונדאי - i10,חיפה וחוף הכרמל,24000,"45,000 ₪",2016,1 ימים 
167,רכב פרטי,יונדאי - i30,ירושלים והסביבה,200000,"15,300 ₪",2008,5 ימים 
168,רכב פרטי,רנו - קליאו אסטייט,נתניה והסביבה,48000,"55,000 ₪",2017,1 ימים 
169,רכב פרטי,שברולט - קרוז,ירושלים והסביבה,130000,"15,000 ₪",2013,5 ימים 
170,רכב פרטי,טויוטה - אוריס,יישובי השומרון,162000,"62,000 ₪",2016,1 ימים 
171,רכב פרטי,מרצדס - A-CLASS,עכו - נהריה,120000,"99,000 ₪",2015,5 ימים 
172,רכב פרטי,רנו - קליאו,חיפה וחוף הכרמל,125000,"57,000 ₪",2017,1 ימים 
173,רכב פרטי,שברולט - ספארק,הוד השרון והסביבה,105000,"52,000 ₪",2017,5 ימים 
174,רכב פרטי,טויוטה - C-HR,מושבים בשפלה,63000,"120,000 ₪",2019,6 ימים 
175,רכב פרטי,מאזדה - 3,אשדוד - אשקלון,160000,לא צויין,2011,5 ימים 
176,רכב פרטי,קאדילק - ATS,מושבים בשרון,79000,"76,900 ₪",2014,1 ימים 
177,רכב פרטי,יונדאי - ACCNET,פתח תקוה והסביבה,160000,"13,000 ₪",2008,5 ימים 
178,רכב פרטי,סוזוקי - איגניס,חיפה וחוף הכרמל,34000,"76,000 ₪",2020,1 ימים 
179,רכב פרטי,טויוטה - קורולה,נתניה והסביבה,39000,"91,000 ₪",2018,1 ימים 
180,רכב פרטי,שברולט - מאליבו,חיפה וחוף הכרמל,100000,"90,000 ₪",2017,1 ימים 
181,רכב פרטי,הונדה - סיוויק,מושבים בצפון,80000,"67,000 ₪",2016,6 ימים 
182,רכב פרטי,אאודי - A1,באר שבע והסביבה,106000,"50,000 ₪",2011,6 ימים 
183,רכב פרטי,הונדה - סיוויק האצ’בק החדשה,ירושלים והסביבה,160000,"30,000 ₪",2009,6 ימים 
184,רכב פרטי,הונדה - ג’אז,נס ציונה - רחובות,164000,"45,500 ₪",2017,6 ימים 
185,רכב פרטי,קרייזלר - PT קרוזר,בקעת אונו,130000,"12,000 ₪",2004,6 ימים 
186,רכב פרטי,יונדאי - i20,חיפה וחוף הכרמל,37000,"80,000 ₪",2020,1 ימים 
187,רכב פרטי,יונדאי - i30cw,ירושלים והסביבה,202332,"12,300 ₪",2009,6 ימים 
188,רכב פרטי,יונדאי - i10,זכרון - בנימינה,24000,"70,000 ₪",2021,6 ימים 
189,רכב פרטי,סקודה - אוקטביה ספייס,נתניה והסביבה,44000,"79,000 ₪",2018,1 ימים 
190,רכב פרטי,וולוו - V40,נתניה והסביבה,86000,"76,000 ₪",2016,1 ימים 
191,רכב פרטי,קיה - סיד,נתניה והסביבה,35000,"89,000 ₪",2019,1 ימים 
192,רכב פרטי,מיני - קופר,רמת השרון - הרצליה,106000,"92,500 ₪",2015,6 ימים 
193,רכב פרטי,פורד - פוקוס,חיפה וחוף הכרמל,180000,"29,000 ₪",2014,1 ימים 
194,רכב פרטי,סובארו - אימפרזה ניו אייג’,ירושלים והסביבה,185000,"3,999 ₪",2004,6 ימים 
195,רכב פרטי,קיה - פיקנטו,"ראשל""צ והסביבה",1200,"88,000 ₪",2022,6 ימים 
196,רכב פרטי,טויוטה - קורולה,נתניה והסביבה,132000,"69,000 ₪",2017,6 ימים 
197,רכב פרטי,סובארו - XV,חיפה וחוף הכרמל,5000,"134,000 ₪",2020,1 ימים 
198,רכב פרטי,יונדאי - סונטה,חולון - בת ים,187000,לא צויין,2008,6 ימים 
199,רכב פרטי,יונדאי - איוניק,נתניה והסביבה,38000,"101,000 ₪",2018,1 ימים 
200,רכב מסחרי,פיאט - פיורינו,בקעת אונו,215000,"18,000 ₪",2012,2 שעות 
201,רכב מסחרי,פיאט - דוקאטו- קצר/בינוני,נס ציונה - רחובות,290000,"39,000 ₪",2014,1 ימים 
202,רכב מסחרי,איסוזו - 4X4 D-MAX,מושבים בצפון,490000,"41,000 ₪",2006,1 שעות 
203,רכב מסחרי,רנו - קנגו,נתניה והסביבה,58000,"78,000 ₪",2018,1 ימים 
204,רכב מסחרי,פורד - F-150	,רמת גן - גבעתיים,300,"45,000 ₪",2012,2 ימים 
205,רכב מסחרי,רנו - קנגו,רמת גן - גבעתיים,206000,"25,500 ₪",2012,4 ימים 
206,רכב מסחרי,פורד - טרנזיט,ירושלים והסביבה,250000,"28,000 ₪",2010,2 ימים 
207,רכב מסחרי,סיטרואן - ברלינגו דור 1 (עד 2012),רמלה - לוד,380000,"7,500 ₪",2022,2 ימים 
208,רכב מסחרי,גי.אם.סי - ונדורה ארוך,זכרון - בנימינה,125000,"50,000 ₪",1992,6 ימים 
209,רכב מסחרי,סיטרואן - ג’אמפי קצר/בינוני,נס ציונה - רחובות,232000,"60,000 ₪",2016,8 ימים 
210,רכב מסחרי,פיאט - דובלו,פתח תקוה והסביבה,238000,"33,500 ₪",2016,4 ימים 
211,רכב מסחרי,פולקסווגן - קראוול,חיפה וחוף הכרמל,395951,"30,000 ₪",1988,9 ימים 
212,רכב מסחרי,פיאט - דובלו,ירושלים והסביבה,260781,"15,000 ₪",2013,12 ימים 
213,רכב מסחרי,פולקסווגן - טרנספורטר נוסעים,בית שמש והסביבה,165000,"60,000 ₪",2009,10 ימים 
214,רכב מסחרי,סיטרואן - ברלינגו דור 3 (2018 ואילך),פתח תקוה והסביבה,85000,"105,000 ₪",2019,11 ימים 
215,רכב מסחרי,טויוטה - היילקס ויגו 4X4,תל אביב,547000,"55,000 ₪",2007,16 ימים 
216,רכב מסחרי,פולקסווגן - אמארוק,פתח תקוה והסביבה,157000,"122,000 ₪",2014,16 ימים 
217,רכב מסחרי,שברולט - סילברדו 2500,פתח תקוה והסביבה,138000,"90,000 ₪",2016,11 ימים 
218,רכב מסחרי,רנו - מאסטר קצר/בינוני,תל אביב,147000,"100,000 ₪",2018,2 ימים 
219,רכב מסחרי,סיטרואן - ברלינגו דור 2 (2008-2019),עכו - נהריה,380000,"30,000 ₪",2013,2 ימים 
220,רכב מסחרי,סיטרואן - ברלינגו,מודיעין והסביבה,190000,"17,000 ₪",2011,0 דקות 
221,רכב מסחרי,דודג’ - ראם ארוך,הוד השרון והסביבה,167000,"88,000 ₪",2015,0 דקות 
222,רכב מסחרי,איסוזו - 4X4 D-MAX,מושבים בצפון,350000,"67,000 ₪",2010,0 דקות 
223,רכב מסחרי,מרצדס - ספרינטר,מושבים בצפון,368000,"75,000 ₪",2013,0 דקות 
224,רכב מסחרי,סובארו - טנדר 2X4,מושבים בצפון,30000,"17,000 ₪",1991,0 דקות 
225,רכב מסחרי,טויוטה - היילקס ויגו 4X4,מושבים בדרום,405000,"110,000 ₪",2012,0 דקות 
226,רכב מסחרי,פולקסווגן - קאדי,ירושלים והסביבה,250000,"30,000 ₪",2011,0 דקות 
227,רכב מסחרי,איסוזו - 4X4 D-MAX,מושבים בשפלה,260000,"100,000 ₪",2013,0 דקות 
228,רכב מסחרי,פיאט - דוקאטו,ירושלים והסביבה,260000,"125,000 ₪",2019,0 דקות 
229,רכב מסחרי,פיאט - דוקאטו,"ראשל""צ והסביבה",233000,"80,000 ₪",2017,0 דקות 
230,רכב מסחרי,סיטרואן - ברלינגו דור 2 (2008-2019),עכו - נהריה,380000,"30,000 ₪",2013,2 ימים 
231,רכב מסחרי,סיטרואן - ברלינגו דור 3 (2018 ואילך),פתח תקוה והסביבה,85000,"105,000 ₪",2019,11 ימים 
232,רכב מסחרי,שברולט - סילברדו,מושבים בצפון,75000,"195,000 ₪",2019,0 דקות 
233,רכב מסחרי,מרצדס - ויטו,תל אביב,440000,"32,000 ₪",2007,0 דקות 
234,רכב מסחרי,רנו - מאסטר קצר/בינוני,תל אביב,147000,"100,000 ₪",2018,2 ימים 
235,רכב מסחרי,רנו - מאסטר ארוך,רמלה - לוד,165000,"110,000 ₪",2019,0 דקות 
236,רכב מסחרי,שברולט - סילברדו 2500,פתח תקוה והסביבה,138000,"90,000 ₪",2016,11 ימים 
237,רכב מסחרי,מרצדס - ספרינטר,אשדוד - אשקלון,230000,"90,000 ₪",2016,17 שעות 
238,רכב מסחרי,טויוטה - היילקס ויגו 4X4,גליל ועמקים,220000,"165,000 ₪",2014,0 דקות 
239,רכב מסחרי,סיטרואן - ברלינגו דור 3 (2018 ואילך),זכרון - בנימינה,16000,"144,000 ₪",2020,1 ימים 
240,רכב מסחרי,פורד - F-250,אילת והערבה,25000,"212,000 ₪",2020,0 דקות 
241,רכב מסחרי,טויוטה - היילקס ויגו 4X4,מושבים בצפון,250000,"172,000 ₪",2015,0 דקות 
242,רכב מסחרי,פיג’ו - בוקסר,פתח תקוה והסביבה,138000,"60,000 ₪",2016,0 דקות 
243,רכב מסחרי,פורד - קונקט,מושבים בדרום,80000,"17,500 ₪",2009,0 דקות 
244,רכב מסחרי,פיאט - דוקאטו,חולון - בת ים,315000,"28,000 ₪",2010,0 דקות 
245,רכב מסחרי,מיצובישי - מאגנום 4X4,חיפה וחוף הכרמל,309000,"25,000 ₪",2003,0 דקות 
246,רכב מסחרי,טויוטה - היילקס 4X4,תל אביב,97000,"220,000 ₪",2018,0 דקות 
247,רכב מסחרי,רנו - קנגו,באר שבע והסביבה,240000,"5,000 ₪",2007,0 דקות 
248,רכב מסחרי,רנו - מאסטר קצר/בינוני,באר שבע והסביבה,100000,"110,000 ₪",2019,0 דקות 
249,רכב מסחרי,פיאט - דוקאטו,רעננה - כפר סבא,272000,"69,000 ₪",2016,0 דקות 
250,רכב מסחרי,איסוזו - 2X4 D-MAX,מושבים בצפון,20000,"46,000 ₪",2008,0 דקות 
251,רכב מסחרי,מרצדס - ויטו,תל אביב,440000,"32,000 ₪",2007,0 דקות 
252,רכב מסחרי,איסוזו - איפון 4X4,פתח תקוה והסביבה,580000,"25,000 ₪",2003,0 דקות 
253,רכב מסחרי,איסוזו - 2X4 D-MAX,מושבים בשפלה,67000,"170,000 ₪",2019,0 דקות 
254,רכב מסחרי,מרצדס - V-Class,"ראשל""צ והסביבה",385000,"110,000 ₪",2016,0 דקות 
255,רכב מסחרי,איווקו - דיילי החדשה,חולון - בת ים,490000,"19,000 ₪",2008,0 דקות 
256,רכב מסחרי,סיטרואן - ברלינגו,אשדוד - אשקלון,230000,"60,000 ₪",2017,0 דקות 
257,רכב מסחרי,יונדאי - i800,רמלה - לוד,43800,"107,000 ₪",2016,0 דקות 
258,רכב מסחרי,פיאט - דוקאטו,אשדוד - אשקלון,156531,"100,000 ₪",2017,0 דקות 
259,רכב מסחרי,סיטרואן - ברלינגו,פתח תקוה והסביבה,450,"10,000 ₪",2006,0 דקות 
260,רכב מסחרי,מרצדס - ספרינטר,באר שבע והסביבה,220000,לא צויין,2018,0 דקות 
261,רכב מסחרי,פיג’ו - פרטנר,רמת השרון - הרצליה,127000,"18,000 ₪",2011,0 דקות 
262,רכב מסחרי,סיטרואן - ברלינגו,ירושלים והסביבה,130000,"55,000 ₪",2017,0 דקות 
263,רכב מסחרי,סיטרואן - ברלינגו,נתניה והסביבה,130000,לא צויין,2019,0 דקות 
264,רכב מסחרי,רנו - מאסטר ארוך,"ראשל""צ והסביבה",230000,לא צויין,2018,0 דקות 
265,רכב מסחרי,רנו - קנגו,קריות,151000,לא צויין,2011,0 דקות 
266,רכב מסחרי,יונדאי - H1,בית שמש והסביבה,191000,"20,000 ₪",2007,0 דקות 
267,רכב מסחרי,פורד - F-350,רמת גן - גבעתיים,300000,לא צויין,2012,15 שעות 
268,רכב מסחרי,סיטרואן - ברלינגו,פתח תקוה והסביבה,149000,"52,000 ₪",2017,0 דקות 
269,רכב מסחרי,מרצדס - ויאנו,ירושלים והסביבה,460000,לא צויין,2011,18 ימים 
270,רכב מסחרי,שברולט - סילברדו,חיפה וחוף הכרמל,175000,"65,000 ₪",2013,0 דקות 
271,רכב מסחרי,רנו - מאסטר קצר/בינוני,פתח תקוה והסביבה,261000,"21,000 ₪",2010,11 ימים 
272,רכב מסחרי,טויוטה - היילקס ויגו 4X4,רמלה - לוד,314000,"120,000 ₪",2012,25 ימים 
273,רכב מסחרי,סיטרואן - ברלינגו,גדרה יבנה והסביבה,44000,"122,000 ₪",2020,0 דקות 
274,רכב מסחרי,סיטרואן - ברלינגו,מושבים בצפון,125000,"69,000 ₪",2017,0 דקות 
275,רכב מסחרי,יונדאי - H1,נתניה והסביבה,250000,"22,000 ₪",2006,0 דקות 
276,רכב מסחרי,מיצובישי - L200,בקעת אונו,160000,"86,000 ₪",2015,0 דקות 
277,רכב מסחרי,קיה - סופרטראק,רמת גן - גבעתיים,500000,"23,000 ₪",2006,0 דקות 
278,רכב מסחרי,סיטרואן - ברלינגו,אשדוד - אשקלון,72000,לא צויין,2016,0 דקות 
279,רכב מסחרי,סיטרואן - ברלינגו,"ראשל""צ והסביבה",94000,"130,000 ₪",2020,0 דקות 
280,רכב מסחרי,פיג’ו - בוקסר,קריות,275000,לא צויין,2011,0 דקות 
281,רכב מסחרי,טויוטה - היילקס 4X4,מושבים בצפון,26000,לא צויין,2021,0 דקות 
282,רכב מסחרי,פיאט - פיורינו,עכו - נהריה,145500,לא צויין,2011,0 דקות 
283,רכב מסחרי,פולקסווגן - קראפטר,מושבים בשרון,16000,לא צויין,2019,0 דקות 
284,רכב מסחרי,סיטרואן - ברלינגו,יישובי השומרון,75000,"105,000 ₪",2019,0 דקות 
285,רכב מסחרי,פיאט - דובלו,עמק יזרעאל,230000,לא צויין,2003,0 דקות 
286,רכב מסחרי,פיאט - דוקאטו,רמת השרון - הרצליה,97000,"65,000 ₪",2012,0 דקות 
287,רכב מסחרי,פולקסווגן - טרנספורטר,גדרה יבנה והסביבה,80000,"119,999 ₪",2015,0 דקות 
288,רכב מסחרי,פורד - טרנזיט,באר שבע והסביבה,165000,"90,000 ₪",2018,0 דקות 
289,רכב מסחרי,טויוטה - היילקס 4X4,הוד השרון והסביבה,122000,"185,000 ₪",2017,0 דקות 
290,רכב מסחרי,פיאט - דוקאטו,"ראשל""צ והסביבה",380000,"38,500 ₪",2011,0 דקות 
291,רכב מסחרי,טויוטה - היילקס ויגו 4X4,"ראשל""צ והסביבה",250000,לא צויין,2013,0 דקות 
292,רכב מסחרי,פיג’ו - בוקסר,עכו - נהריה,12922,לא צויין,2021,0 דקות 
293,רכב מסחרי,מיצובישי - L200,"ראשל""צ והסביבה",74000,"145,000 ₪",2016,0 דקות 
294,רכב מסחרי,סיטרואן - ברלינגו,"ראשל""צ והסביבה",94000,"130,000 ₪",2020,0 דקות 
295,רכב מסחרי,סיטרואן - ברלינגו,רמלה - לוד,270000,"37,000 ₪",2016,0 דקות 
296,רכב מסחרי,מיצובישי - L200,זכרון - בנימינה,200000,לא צויין,2010,0 דקות 
297,רכב מסחרי,רנו - מאסטר ארוך,מושבים בשרון,210000,לא צויין,2016,0 דקות 
298,רכב מסחרי,פיאג’ו - פורטר,תל אביב,127000,"22,000 ₪",2011,0 דקות 
299,רכב מסחרי,שברולט - סוואנה קצר,עכו - נהריה,1000,"47,000 ₪",2009,0 דקות 
300,רכב מסחרי,טויוטה - היילקס 4X4,מושבים בצפון,500000,"50,000 ₪",2005,0 דקות 
301,רכב מסחרי,סיטרואן - ברלינגו,עכו - נהריה,80000,לא צויין,2018,0 דקות 
302,רכב מסחרי,ניסאן - נבארה 4X4,ירושלים והסביבה,150000,"80,000 ₪",2014,0 דקות 
303,רכב מסחרי,פולקסווגן - טרנספורטר,מושבים בצפון,380000,"65,000 ₪",2013,0 דקות 
304,רכב מסחרי,מרצדס - V-Class,ירושלים והסביבה,297000,"130,000 ₪",2017,0 דקות 
305,רכב מסחרי,יונדאי - H1,יישובי השומרון,380000,"19,500 ₪",2007,0 דקות 
306,רכב מסחרי,דאציה - דוקר,פתח תקוה והסביבה,156000,"45,000 ₪",2017,0 דקות 
307,רכב מסחרי,סיטרואן - ברלינגו,יישובי השומרון,75000,"105,000 ₪",2019,0 דקות 
308,רכב מסחרי,פולקסווגן - קראוול,מושבים בצפון,8000,"254,000 ₪",2021,0 דקות 
309,רכב מסחרי,מיצובישי - L200,רמלה - לוד,328000,לא צויין,2010,0 דקות 
310,רכב מסחרי,פורד - קונקט,ירושלים והסביבה,270000,"20,000 ₪",2008,0 דקות 
311,רכב מסחרי,סיטרואן - ברלינגו,מושבים בצפון,133000,לא צויין,2016,0 דקות 
312,רכב מסחרי,מרצדס - ספרינטר,פתח תקוה והסביבה,207000,"105,000 ₪",2016,0 דקות 
313,רכב מסחרי,פיאט - דובלו,חיפה וחוף הכרמל,220000,"28,000 ₪",2014,0 דקות 
314,רכב מסחרי,סובארו - טנדר 4X4,רעננה - כפר סבא,270000,"35,000 ₪",1991,0 דקות 
315,רכב מסחרי,שברולט - קולורדו,מודיעין והסביבה,1000,"440,000 ₪",2021,0 דקות 
316,רכב מסחרי,איסוזו - 2X4 D-MAX,מושבים בצפון,300000,"70,000 ₪",2011,0 דקות 
317,רכב מסחרי,סיטרואן - ג’אמפי קצר/בינוני,עמק יזרעאל,210000,"59,999 ₪",2016,0 דקות 
318,רכב מסחרי,סיטרואן - ברלינגו,רמלה - לוד,270000,"37,000 ₪",2016,0 דקות 
319,רכב מסחרי,פיאט - דובלו,קריות,184000,"30,000 ₪",2015,0 דקות 
320,רכב מסחרי,מאזדה - BT50 2X4,טבריה והסביבה,365000,"28,000 ₪",2009,0 דקות 
321,רכב מסחרי,איסוזו - 4X4 D-MAX,גדרה יבנה והסביבה,419900,"45,000 ₪",2006,0 דקות 
322,רכב מסחרי,סיטרואן - ברלינגו,באר שבע והסביבה,160000,"76,000 ₪",2019,0 דקות 
323,רכב מסחרי,מאזדה - BT50 2X4,"ראשל""צ והסביבה",325000,"28,000 ₪",2009,0 דקות 
324,רכב מסחרי,שברולט - סוואנה ארוך,יישובי השומרון,178000,"114,400 ₪",2018,0 דקות 
325,רכב מסחרי,יונדאי - H1,גדרה יבנה והסביבה,340000,"23,000 ₪",2007,0 דקות 
326,רכב מסחרי,איסוזו - 4X4 D-MAX,באר שבע והסביבה,440000,"60,000 ₪",2009,0 דקות 
327,רכב מסחרי,סיטרואן - ברלינגו,מושבים בשפלה,169000,"39,000 ₪",2016,0 דקות 
328,רכב מסחרי,איסוזו - איפון 2X4,ירושלים והסביבה,420000,לא צויין,2002,0 דקות 
329,רכב מסחרי,דודג’ - ראם קצר,אשדוד - אשקלון,149400,"89,000 ₪",2015,0 דקות 
330,רכב מסחרי,איסוזו - איפון 2X4,חיפה וחוף הכרמל,630000,"12,500 ₪",1997,0 דקות 
331,רכב מסחרי,איווקו - 50C15,"ראשל""צ והסביבה",85000,"82,000 ₪",2016,0 דקות 
332,רכב מסחרי,שברולט - סילברדו,קריות,211,"85,000 ₪",2014,0 דקות 
333,רכב מסחרי,איסוזו - 4X4 D-MAX,גליל ועמקים,370000,לא צויין,2006,0 דקות 
334,רכב מסחרי,מיצובישי - L200,מודיעין והסביבה,175000,"72,000 ₪",2014,0 דקות 
335,רכב מסחרי,טויוטה - היילקס ויגו 2X4,"ראשל""צ והסביבה",341000,"52,000 ₪",2007,0 דקות 
336,רכב מסחרי,טויוטה - היילקס 2X4,מושבים בצפון,100000,לא צויין,1998,0 דקות 
337,רכב מסחרי,איסוזו - 4X4 D-MAX,בקעת אונו,349000,"79,900 ₪",2010,0 דקות 
338,רכב מסחרי,איסוזו - 4X4 D-MAX,יישובי השומרון,130000,"135,000 ₪",2015,0 דקות 
339,רכב מסחרי,פיאט - דובלו,מושבים בדרום,225000,"32,000 ₪",2015,0 דקות 
340,רכב מסחרי,פולקסווגן - קראוול,יישובי השומרון,30000,לא צויין,2019,0 דקות 
341,רכב מסחרי,שברולט - סוואנה ארוך,באר שבע והסביבה,210000,"130,000 ₪",2015,0 דקות 
342,רכב מסחרי,רנו - קנגו,נס ציונה - רחובות,204000,"9,500 ₪",2008,0 דקות 
343,רכב מסחרי,איווקו - 50c14v,חולון - בת ים,330,"29,000 ₪",2007,0 דקות 
344,רכב מסחרי,סיטרואן - ברלינגו,באר שבע והסביבה,108000,"43,000 ₪",2016,0 דקות 
345,רכב מסחרי,פורד - F-350,אשדוד - אשקלון,380000,לא צויין,2008,0 דקות 
346,רכב מסחרי,טויוטה - היילקס 2X4,תל אביב,255000,"20,000 ₪",2001,0 דקות 
347,רכב מסחרי,רנו - קנגו,ירושלים והסביבה,158000,"47,500 ₪",2017,0 דקות 
348,רכב מסחרי,סיטרואן - ג’אמפי קצר/בינוני,עמק יזרעאל,196000,"62,000 ₪",2016,0 דקות 
349,רכב מסחרי,מיצובישי - מאגנום 4X4,מושבים בצפון,400000,"19,000 ₪",2001,0 דקות 
350,רכב מסחרי,פיאט - דובלו,רמלה - לוד,220000,"33,000 ₪",2016,0 דקות 
351,רכב מסחרי,סובארו - טנדר 2X4,ירושלים והסביבה,430000,"12,000 ₪",1993,0 דקות 
352,רכב מסחרי,מרצדס - ספרינטר,גדרה יבנה והסביבה,70,"296,000 ₪",2020,0 דקות 
353,רכב מסחרי,פיאט - דוקאטו,"ראשל""צ והסביבה",386000,"48,000 ₪",2012,0 דקות 
354,רכב מסחרי,שברולט - סילברדו,הוד השרון והסביבה,195000,"65,000 ₪",2005,0 דקות 
355,רכב מסחרי,פיאט - דוקאטו,ירושלים והסביבה,200000,לא צויין,1996,0 דקות 
356,רכב מסחרי,איסוזו - 4X4 D-MAX,זכרון - בנימינה,396000,"55,000 ₪",2008,0 דקות 
357,רכב מסחרי,איווקו - דיילי החדשה,אשדוד - אשקלון,330000,לא צויין,2017,0 דקות 
358,רכב מסחרי,שברולט - סילברדו,מושבים בצפון,150000,"100,000 ₪",2016,0 דקות 
359,רכב מסחרי,פולקסווגן - טרנספורטר,באר שבע והסביבה,277000,לא צויין,2016,0 דקות 
360,רכב מסחרי,טויוטה - היילקס ויגו 4X4,חולון - בת ים,340000,"70,000 ₪",2007,0 דקות 
361,רכב מסחרי,טויוטה - היילקס 4X4,רמלה - לוד,250000,"168,000 ₪",2017,0 דקות 
362,רכב מסחרי,פיאט - דובלו,קריות,96000,לא צויין,2017,0 דקות 
363,רכב מסחרי,פיאט - דוקאטו,חולון - בת ים,149000,לא צויין,2014,0 דקות 
364,רכב מסחרי,מיצובישי - L200,רמת השרון - הרצליה,127777,לא צויין,2008,0 דקות 
365,רכב מסחרי,מיצובישי - L200,חולון - בת ים,210000,"67,000 ₪",2011,0 דקות 
366,רכב מסחרי,שברולט - סילברדו,ירושלים והסביבה,51000,"150,000 ₪",2018,0 דקות 
367,רכב מסחרי,איווקו - 50c14v,חולון - בת ים,330,"29,000 ₪",2007,0 דקות 
368,רכב מסחרי,שברולט - סילברדו,אשדוד - אשקלון,8800,לא צויין,2021,0 דקות 
369,רכב מסחרי,פיאט - דובלו,פתח תקוה והסביבה,188000,"33,000 ₪",2016,0 דקות 
370,רכב מסחרי,סיטרואן - ג’אמפי קצר/בינוני,רעננה - כפר סבא,298000,"4,000 ₪",2005,0 דקות 
371,רכב מסחרי,ניסאן - סרנה 2X4,ירושלים והסביבה,262000,"8,000 ₪",2002,0 דקות 
372,רכב מסחרי,פיאט - דובלו,חיפה וחוף הכרמל,215000,"15,000 ₪",2013,0 דקות 
373,רכב מסחרי,שברולט - סוואנה ארוך,טבריה והסביבה,321000,לא צויין,2012,0 דקות 
374,רכב מסחרי,מרצדס - ספרינטר,"ראשל""צ והסביבה",197000,"117,000 ₪",2017,0 דקות 
375,רכב מסחרי,ניסאן - קבסטאר,רעננה - כפר סבא,300000,"55,000 ₪",2009,0 דקות 
376,רכב מסחרי,פולקסווגן - קאדי,מושבים בצפון,400000,לא צויין,2011,0 דקות 
377,רכב מסחרי,פולקסווגן - טרנספורטר,ירושלים והסביבה,395000,"45,000 ₪",2011,0 דקות 
378,רכב מסחרי,יונדאי - H1,טבריה והסביבה,240000,"15,000 ₪",2004,0 דקות 
379,רכב מסחרי,מיצובישי - L200,מושבים בצפון,190000,לא צויין,2015,0 דקות 
380,רכב מסחרי,מרצדס - ויאנו,ירושלים והסביבה,430000,לא צויין,2008,0 דקות 
381,רכב מסחרי,פיג’ו - בוקסר,חיפה וחוף הכרמל,195000,לא צויין,2015,0 דקות 
382,רכב מסחרי,איסוזו - 4X4 D-MAX,חולון - בת ים,227500,"103,000 ₪",2015,0 דקות 
383,רכב מסחרי,מיצובישי - מאגנום 4X4,חולון - בת ים,300000,לא צויין,2004,0 דקות 
384,רכב מסחרי,איסוזו - 4X4 D-MAX,מושבים בצפון,429000,"45,000 ₪",2009,0 דקות 
385,רכב מסחרי,רנו - קנגו,זכרון - בנימינה,242000,לא צויין,2015,0 דקות 
386,רכב מסחרי,רנו - מאסטר ארוך,חיפה וחוף הכרמל,440000,"45,000 ₪",2013,0 דקות 
387,רכב מסחרי,מיצובישי - L200,רמת גן - גבעתיים,100000,"59,000 ₪",2008,0 דקות 
388,רכב מסחרי,דאציה - דוקר,נתניה והסביבה,240000,"39,300 ₪",2017,0 דקות 
389,רכב מסחרי,טויוטה - היילקס 2X4,בקעת אונו,370000,"28,000 ₪",2005,0 דקות 
390,רכב מסחרי,פולקסווגן - טרנספורטר,נתניה והסביבה,55000,"118,000 ₪",2016,0 דקות 
391,רכב מסחרי,פולקסווגן - קאדי,חדרה וישובי עמק חפר,102000,"98,000 ₪",2018,0 דקות 
392,רכב מסחרי,פורד - אקונוליין,תל אביב,170000,"15,000 ₪",1998,0 דקות 
393,רכב מסחרי,מיצובישי - L200,באר שבע והסביבה,367000,לא צויין,2015,0 דקות 
394,רכב מסחרי,סיטרואן - ג’אמפי קצר/בינוני,פתח תקוה והסביבה,85000,"159,000 ₪",2019,0 דקות 
395,רכב מסחרי,איסוזו - 4X4 D-MAX,מושבים בצפון,400000,"41,999 ₪",2007,0 דקות 
396,רכב מסחרי,רנו - קנגו,חולון - בת ים,140000,"17,500 ₪",2009,0 דקות 
397,רכב מסחרי,פורד - אקונוליין,מושבים בצפון,233000,"28,000 ₪",2006,0 דקות 
398,רכב מסחרי,פיאט - דוקאטו,מודיעין והסביבה,42274,"135,000 ₪",2018,0 דקות 
399,רכב מסחרי,פורד - טרנזיט,אשדוד - אשקלון,178000,"70,000 ₪",2016,0 דקות 
400,ג'יפים,פורד - אקספלורר,ירושלים והסביבה,38000,"300,000 ₪",2020,6 שעות 
401,ג'יפים,אאודי - SQ5,נתניה והסביבה,27000,לא צויין,2019,1 ימים 
402,ג'יפים,דייהטסו - טריוס,מושבים בשרון,200000,"31,000 ₪",2008,8 שעות 
403,ג'יפים,ניסאן - אקס טרייל,נתניה והסביבה,128000,"125,900 ₪",2018,1 ימים 
404,ג'יפים,מאזדה - CX5,קריות,141000,"64,000 ₪",2013,9 שעות 
405,ג'יפים,גי’פ / Jeep - קומפאס,מושבים בצפון,194000,"47,000 ₪",2012,1 ימים 
406,ג'יפים,אאודי - Q5,מושבים בשרון,186000,"73,900 ₪",2012,1 ימים 
407,ג'יפים,קיה - ספורטז’,מושבים בצפון,155000,"60,000 ₪",2015,12 שעות 
408,ג'יפים,מאזדה - CX5,מושבים בדרום,13000,"159,500 ₪",2021,1 ימים 
409,ג'יפים,אאודי - Q5,אשדוד - אשקלון,123000,"112,000 ₪",2014,9 ימים 
410,ג'יפים,מיצובישי - אאוטלנדר,פתח תקוה והסביבה,160000,"67,000 ₪",2013,2 ימים 
411,ג'יפים,אאודי - Q5,קריות,137000,לא צויין,2011,1 ימים 
412,ג'יפים,סיאט - קופרה פורמנטור,עכו - נהריה,3200,"184,998 ₪",2022,1 ימים 
413,ג'יפים,טויוטה - RAV4 ארוך,אזור צפון,160000,"46,000 ₪",2009,1 ימים 
414,ג'יפים,ניסאן - ג’וק JUKE,מושבים בשרון,99000,"47,900 ₪",2014,1 ימים 
415,ג'יפים,סובארו - XV,אשדוד - אשקלון,170000,"65,000 ₪",2022,2 ימים 
416,ג'יפים,ניסאן - אקס טרייל,מושבים בשפלה,156141,"110,000 ₪",2017,2 ימים 
417,ג'יפים,לנד רובר - ריינג’ רובר איווק,נתניה והסביבה,3200,לא צויין,2021,1 ימים 
418,ג'יפים,סוזוקי - ויטרה,נתניה והסביבה,99000,"74,000 ₪",2016,2 ימים 
419,ג'יפים,מיצובישי - אאוטלנדר,חיפה וחוף הכרמל,95000,"109,000 ₪",2016,1 ימים 
420,ג'יפים,מאזדה - CX30,רעננה - כפר סבא,36000,"141,000 ₪",2020,2 ימים 
421,ג'יפים,פורד - קוגה,רמלה - לוד,62000,"67,000 ₪",2016,2 ימים 
422,ג'יפים,סאנגיונג - רקסטון,נתניה והסביבה,350000,"24,900 ₪",2005,2 ימים 
423,ג'יפים,ניסאן - קשקאי,חיפה וחוף הכרמל,32000,"129,000 ₪",2019,1 ימים 
424,ג'יפים,הונדה - HR-V,חיפה וחוף הכרמל,8400,"136,000 ₪",2021,1 ימים 
425,ג'יפים,סקודה - קודיאק,נס ציונה - רחובות,37000,"175,000 ₪",2020,4 ימים 
426,ג'יפים,סקודה - קודיאק,ירושלים והסביבה,88000,"134,800 ₪",2017,3 ימים 
427,ג'יפים,טויוטה - לנד קרוזר קצר,תל אביב,230000,"137,000 ₪",2009,4 ימים 
428,ג'יפים,לנד רובר - רינג’ רובר,נתניה והסביבה,53000,לא צויין,2019,1 ימים 
429,ג'יפים,יונדאי - טוסון,אשדוד - אשקלון,100000,"79,000 ₪",2016,4 ימים 
430,ג'יפים,ניסאן - אקס טרייל,נתניה והסביבה,49000,"121,000 ₪",2018,3 ימים 
431,ג'יפים,פורד - אקספלורר,מושבים בשרון,149000,"114,900 ₪",2013,1 ימים 
432,ג'יפים,ניסאן - קשקאי,חיפה וחוף הכרמל,32000,"130,000 ₪",2021,1 ימים 
433,ג'יפים,מיצובישי - אקליפס,"ראשל""צ והסביבה",19850,"135,500 ₪",2019,3 ימים 
434,ג'יפים,יונדאי - טוסון,מושבים בשפלה,77000,"138,000 ₪",2022,2 ימים 
435,ג'יפים,סובארו - XV,חיפה וחוף הכרמל,123000,"89,000 ₪",2017,1 ימים 
436,ג'יפים,יונדאי - טוסון,מושבים בצפון,65000,"120,000 ₪",2017,4 ימים 
437,ג'יפים,פורד - אדג’,קריות,113000,"100,000 ₪",2017,2 שעות 
438,ג'יפים,קיה - ספורטז’,תל אביב,13000,"135,000 ₪",2019,3 ימים 
439,ג'יפים,טויוטה - לנד קרוזר ארוך,מושבים בשרון,179000,"267,000 ₪",2016,3 ימים 
440,ג'יפים,לנד רובר - רינג’ רובר,נתניה והסביבה,40000,לא צויין,2020,1 ימים 
441,ג'יפים,ניסאן - קשקאי,אשדוד - אשקלון,80000,"70,000 ₪",2015,6 ימים 
442,ג'יפים,אאודי - Q2,נתניה והסביבה,25000,"124,000 ₪",2017,5 ימים 
443,ג'יפים,דייהטסו - טריוס,פתח תקוה והסביבה,225000,"15,000 ₪",2007,6 ימים 
444,ג'יפים,שברולט - טרייל בלייזר,חדרה וישובי עמק חפר,270000,"35,000 ₪",2006,7 ימים 
445,ג'יפים,ניסאן - קשקאי,חיפה וחוף הכרמל,83000,"101,000 ₪",2017,1 ימים 
446,ג'יפים,קיה - ספורטז’,יישובי השומרון,85000,"69,000 ₪",2015,5 ימים 
447,ג'יפים,סוזוקי - SX4 קרוסאובר,חיפה וחוף הכרמל,200000,"46,000 ₪",2014,1 ימים 
448,ג'יפים,סובארו - פורסטר,חיפה וחוף הכרמל,13000,"186,000 ₪",2021,1 ימים 
449,ג'יפים,יונדאי - סנטה פה,עכו - נהריה,90000,"125,000 ₪",2015,5 ימים 
450,ג'יפים,סקודה - קודיאק,ירושלים והסביבה,135000,"120,000 ₪",2017,5 ימים 
451,ג'יפים,שברולט - קפטיבה,אשדוד - אשקלון,169000,"34,500 ₪",2011,7 ימים 
452,ג'יפים,ניסאן - ג’וק JUKE,חיפה וחוף הכרמל,114000,"45,000 ₪",2014,1 ימים 
453,ג'יפים,סקודה - קארוק,מושבים בשפלה,127000,"107,000 ₪",2019,5 ימים 
454,ג'יפים,סובארו - פורסטר,חיפה וחוף הכרמל,85000,"102,000 ₪",2017,1 ימים 
455,ג'יפים,סוזוקי - ויטרה,חיפה וחוף הכרמל,44000,"113,000 ₪",2020,1 ימים 
456,ג'יפים,פולקסווגן - טיגואן,באר שבע והסביבה,3500,"240,000 ₪",2022,7 ימים 
457,ג'יפים,ניסאן - קשקאי,חיפה וחוף הכרמל,85000,"96,000 ₪",2017,1 ימים 
458,ג'יפים,פיג’ו - 3008,אשדוד - אשקלון,86000,"97,000 ₪",2018,5 ימים 
459,ג'יפים,סוזוקי - ג’ימני,מושבים בצפון,119000,"50,000 ₪",2009,5 ימים 
460,ג'יפים,גי’פ / Jeep - גרנד צ’ירוקי,קיסריה והסביבה,117000,"200,000 ₪",2018,7 ימים 
461,ג'יפים,קיה - ספורטז’,בית שמש והסביבה,14500,"142,000 ₪",2021,20 שעות 
462,ג'יפים,ניסאן - קשקאי,מושבים בצפון,135000,"74,000 ₪",2016,6 שעות 
463,ג'יפים,ניסאן - אקס טרייל,חיפה וחוף הכרמל,177000,"103,000 ₪",2016,1 ימים 
464,ג'יפים,סאנגיונג - אקטיון,נתניה והסביבה,154000,"29,900 ₪",2008,1 ימים 
465,ג'יפים,סוזוקי - SX4 קרוסאובר,חולון - בת ים,22000,"100,000 ₪",2019,1 ימים 
466,ג'יפים,סוזוקי - ויטרה,נתניה והסביבה,64000,"103,300 ₪",2019,1 ימים 
467,ג'יפים,דייהטסו - טריוס,בקעת אונו,143000,"19,500 ₪",2004,1 ימים 
468,ג'יפים,דאציה - דאסטר,חיפה וחוף הכרמל,120000,"82,000 ₪",2019,1 ימים 
469,ג'יפים,אאודי - Q7,מושבים בצפון,45000,"230,000 ₪",2016,19 שעות 
470,ג'יפים,פורד - קוגה,רמת השרון - הרצליה,117000,"40,000 ₪",2013,3 שעות 
471,ג'יפים,סובארו - XV,חיפה וחוף הכרמל,60000,"95,000 ₪",2017,1 ימים 
472,ג'יפים,שברולט - קפטיבה,חיפה וחוף הכרמל,171000,"29,000 ₪",2008,1 ימים 
473,ג'יפים,מיצובישי - אקליפס,נתניה והסביבה,75000,"116,000 ₪",2019,10 שעות 
474,ג'יפים,הונדה - HR-V,חיפה וחוף הכרמל,11000,"132,000 ₪",2020,1 ימים 
475,ג'יפים,מיצובישי - אאוטלנדר,ירושלים והסביבה,129000,"118,000 ₪",2017,14 שעות 
476,ג'יפים,הונדה - CR-V,חיפה וחוף הכרמל,144000,"84,000 ₪",2016,1 ימים 
477,ג'יפים,קיה - ספורטז’,חדרה וישובי עמק חפר,43000,"125,000 ₪",2019,12 שעות 
478,ג'יפים,לקסוס - NX,פתח תקוה והסביבה,56000,"155,000 ₪",2016,20 שעות 
479,ג'יפים,רנו - קדגא’ר,חיפה וחוף הכרמל,70000,"117,000 ₪",2018,1 ימים 
480,ג'יפים,רנו - קדגא’ר,הוד השרון והסביבה,98304,"64,900 ₪",2016,1 ימים 
481,ג'יפים,סיאט - ארונה,רמת גן - גבעתיים,82000,"85,000 ₪",2021,3 ימים 
482,ג'יפים,ב.מ.וו - X7,נתניה והסביבה,8000,לא צויין,2021,1 ימים 
483,ג'יפים,אופל - גרנדלנד X,תל אביב,26000,"116,500 ₪",2020,2 ימים 
484,ג'יפים,קיה - ספורטז’,חיפה וחוף הכרמל,100000,"76,000 ₪",2015,1 ימים 
485,ג'יפים,טויוטה - RAV4 הייבריד,פתח תקוה והסביבה,47000,"172,000 ₪",2020,5 ימים 
486,ג'יפים,ניסאן - קשקאי,"ראשל""צ והסביבה",28500,"99,000 ₪",2018,6 ימים 
487,ג'יפים,האמר - H3,נתניה והסביבה,53000,לא צויין,2009,1 ימים 
488,ג'יפים,סקודה - קארוק,פתח תקוה והסביבה,13000,"160,000 ₪",2020,2 ימים 
489,ג'יפים,סוזוקי - גרנד ויטרה,פתח תקוה והסביבה,165000,"39,800 ₪",2007,2 ימים 
490,ג'יפים,שברולט - קפטיבה,חיפה וחוף הכרמל,171000,"29,000 ₪",2008,1 ימים 
491,ג'יפים,מיצובישי - אאוטלנדר,בקעת אונו,105000,"91,800 ₪",2015,2 ימים 
492,ג'יפים,ניסאן - קשקאי,מושבים בדרום,204000,"33,000 ₪",2010,5 ימים 
493,ג'יפים,אאודי - Q5,חיפה וחוף הכרמל,12000,"296,000 ₪",2021,1 ימים 
494,ג'יפים,סיאט - ארונה,נתניה והסביבה,10700,"121,500 ₪",2021,1 ימים 
495,ג'יפים,סוזוקי - גרנד ויטרה,מודיעין והסביבה,300000,"38,000 ₪",2008,2 ימים 
496,ג'יפים,יונדאי - טוסון,פתח תקוה והסביבה,89000,"82,000 ₪",2016,2 ימים 
497,ג'יפים,ניסאן - קשקאי,חיפה וחוף הכרמל,152421,"114,000 ₪",2018,1 ימים 
498,ג'יפים,סקודה - קארוק,חיפה וחוף הכרמל,51400,"126,500 ₪",2020,1 ימים 
499,ג'יפים,סיאט - קופרה פורמנטור,מושבים בדרום,3200,"184,000 ₪",2022,6 ימים 
500,ג'יפים,מיצובישי - אקליפס,אילת והערבה,52000,לא צויין,2020,2 ימים 
501,ג'יפים,לנד רובר - דיסקברי 4,בית שמש והסביבה,318000,"115,000 ₪",2010,7 ימים 
502,ג'יפים,מיצובישי - אאוטלנדר,ירושלים והסביבה,155000,"74,900 ₪",2014,9 ימים 
503,ג'יפים,ניסאן - קשקאי,רעננה - כפר סבא,75000,"93,000 ₪",2018,12 ימים 
504,ג'יפים,יונדאי - טוסון,אילת והערבה,198000,"13,000 ₪",2006,14 ימים 
505,ג'יפים,טויוטה - RAV4 ארוך,מושבים בצפון,74000,"122,000 ₪",2017,14 ימים 
506,ג'יפים,סקודה - קודיאק,זכרון - בנימינה,50000,"185,000 ₪",2020,9 ימים 
507,ג'יפים,מיצובישי - אאוטלנדר,רמת גן - גבעתיים,88000,"118,900 ₪",2017,10 ימים 
508,ג'יפים,קיה - ספורטז’,נתניה והסביבה,130000,"80,000 ₪",2016,14 ימים 
509,ג'יפים,קיה - ספורטז’,פתח תקוה והסביבה,68000,"117,896 ₪",2019,12 ימים 
510,ג'יפים,סקודה - קודיאק,באר שבע והסביבה,65000,לא צויין,2021,4 ימים 
511,ג'יפים,יונדאי - סנטה פה,באר שבע והסביבה,194000,"32,000 ₪",2008,8 ימים 
512,ג'יפים,סיאט - ,באר שבע והסביבה,94000,לא צויין,2018,4 ימים 
513,ג'יפים,ניסאן - קשקאי,נס ציונה - רחובות,102000,"55,000 ₪",2015,3 ימים 
514,ג'יפים,ניסאן - קשקאי,מושבים בדרום,203000,"31,500 ₪",2010,14 ימים 
515,ג'יפים,מיצובישי - אאוטלנדר,קריות,262000,"89,000 ₪",2017,9 ימים 
516,ג'יפים,יונדאי - טוסון,באר שבע והסביבה,88900,"95,000 ₪",2017,4 ימים 
517,ג'יפים,שברולט - טראקס,נתניה והסביבה,90000,"44,500 ₪",2015,15 ימים 
518,ג'יפים,אאודי - Q7,תל אביב,88000,"238,000 ₪",2016,8 ימים 
519,ג'יפים,מאזדה - CX5,מושבים בצפון,33000,"146,500 ₪",2018,13 ימים 
520,ג'יפים,גי’פ / Jeep - רנגלר קצר,תל אביב,58000,"239,000 ₪",2018,10 ימים 
521,ג'יפים,קיה - ספורטז’,יישובי השומרון,18200,"49,000 ₪",2011,18 ימים 
522,ג'יפים,יונדאי - קונה,תל אביב,28000,"120,000 ₪",2020,18 ימים 
523,ג'יפים,קיה - סלטוס,נס ציונה - רחובות,31000,"135,000 ₪",2021,17 ימים 
524,ג'יפים,מאזדה - CX5,"ראשל""צ והסביבה",186000,"67,500 ₪",2013,17 ימים 
525,ג'יפים,אאודי - Q3,נתניה והסביבה,112000,"58,000 ₪",2012,17 ימים 
526,ג'יפים,מיצובישי - אאוטלנדר,פתח תקוה והסביבה,113000,"83,000 ₪",2015,17 ימים 
527,ג'יפים,סקודה - קודיאק,באר שבע והסביבה,38000,לא צויין,2020,9 ימים 
528,ג'יפים,קיה - סורנטו,יישובי השומרון,257000,"224,580 ₪",2005,17 ימים 
529,ג'יפים,סקודה - קודיאק,אשדוד - אשקלון,24000,"193,000 ₪",2020,17 ימים 
530,ג'יפים,מיצובישי - אאוטלנדר,אשדוד - אשקלון,70140,"118,500 ₪",2017,20 ימים 
531,ג'יפים,סקודה - קודיאק,קריות,42000,"190,000 ₪",2019,10 ימים 
532,ג'יפים,אאודי - Q5,רעננה - כפר סבא,160000,"170,000 ₪",2016,17 ימים 
533,ג'יפים,אופל - מוקה,נס ציונה - רחובות,89000,"57,000 ₪",2015,17 ימים 
534,ג'יפים,יונדאי - טאראקן,פתח תקוה והסביבה,350000,"18,000 ₪",2003,19 ימים 
535,ג'יפים,סוזוקי - ויטרה,בקעת אונו,81000,"77,000 ₪",2016,17 ימים 
536,ג'יפים,יונדאי - טוסון,נתניה והסביבה,62000,לא צויין,2016,17 ימים 
537,ג'יפים,טויוטה - RAV4 ארוך,נס ציונה - רחובות,170000,"79,500 ₪",2013,17 ימים 
538,ג'יפים,מאזדה - CX5,אשדוד - אשקלון,85000,"100,000 ₪",2017,15 ימים 
539,ג'יפים,דייהטסו - טריוס,חדרה וישובי עמק חפר,165231,"31,000 ₪",2007,17 ימים 
540,ג'יפים,ב.מ.וו - X5,רמלה - לוד,300000,"71,499 ₪",2011,25 ימים 
541,ג'יפים,לנד רובר - רינג’ רובר,זכרון - בנימינה,325000,"35,000 ₪",2000,18 ימים 
542,ג'יפים,קיה - ספורטז’,חולון - בת ים,96500,"80,000 ₪",2016,22 ימים 
543,ג'יפים,טויוטה - RAV4 ארוך,עכו - נהריה,88000,לא צויין,2016,19 ימים 
544,ג'יפים,סובארו - פורסטר,נס ציונה - רחובות,169000,"74,000 ₪",2014,25 ימים 
545,ג'יפים,ניסאן - אקס טרייל,מושבים במרכז,133000,לא צויין,2018,19 ימים 
546,ג'יפים,סובארו - פורסטר,מושבים בשרון,270,"49,000 ₪",2012,20 ימים 
547,ג'יפים,אאודי - Q5,חולון - בת ים,386681,"67,000 ₪",2012,25 ימים 
548,ג'יפים,סובארו - פורסטר,זכרון - בנימינה,243000,"29,000 ₪",2007,23 ימים 
549,ג'יפים,יונדאי - טוסון,מודיעין והסביבה,106000,"95,000 ₪",2016,28 ימים 
550,ג'יפים,גי’פ / Jeep - ג’יפ,חיפה וחוף הכרמל,90000,"135,000 ₪",2013,18 ימים 
551,ג'יפים,מאזדה - CX3,ירושלים והסביבה,38000,"95,000 ₪",2018,21 ימים 
552,ג'יפים,טויוטה - לנד קרוזר פרדו קצר,חיפה וחוף הכרמל,350000,לא צויין,2002,18 ימים 
553,ג'יפים,קיה - סורנטו,יישובי השומרון,257000,"24,580 ₪",2005,22 ימים 
554,ג'יפים,אאודי - Q7,נתניה והסביבה,200000,"49,000 ₪",2008,18 ימים 
555,ג'יפים,פורד - קוגה,רמת השרון - הרצליה,59000,"89,000 ₪",2017,20 ימים 
556,ג'יפים,קיה - ספורטז’,טבריה והסביבה,125000,"50,000 ₪",2011,20 ימים 
557,ג'יפים,ב.מ.וו - X6,נתניה והסביבה,150000,"125,000 ₪",2010,18 ימים 
558,ג'יפים,קיה - ספורטז’,חיפה וחוף הכרמל,91000,"76,000 ₪",2016,22 ימים 
559,ג'יפים,טויוטה - לנד קרוזר ארוך,באר שבע והסביבה,5000,"475,000 ₪",2022,23 ימים 
560,ג'יפים,סקודה - קודיאק,אשדוד - אשקלון,25000,"230,000 ₪",2020,8 ימים 
561,ג'יפים,יונדאי - סנטה פה,"ראשל""צ והסביבה",164000,לא צויין,2015,28 ימים 
562,ג'יפים,קיה - ספורטז’,קריות,39334,"95,000 ₪",2016,8 ימים 
563,ג'יפים,סוזוקי - ג’ימני,זכרון - בנימינה,200000,"29,000 ₪",2004,27 ימים 
564,ג'יפים,אאודי - Q5,אשדוד - אשקלון,90000,"143,000 ₪",2016,7 ימים 
565,ג'יפים,ב.מ.וו - X5,קריות,200000,לא צויין,2011,27 ימים 
566,ג'יפים,קיה - סלטוס,רעננה - כפר סבא,4900,"134,500 ₪",2021,28 ימים 
567,ג'יפים,קאדילק - XT5,נתניה והסביבה,75000,"202,000 ₪",2017,7 ימים 
568,ג'יפים,קאדילק - SRX,גליל ועמקים,170000,"45,000 ₪",2010,27 ימים 
569,ג'יפים,מיצובישי - אאוטלנדר,טבריה והסביבה,106000,לא צויין,2016,8 ימים 
570,ג'יפים,סקודה - קארוק,חולון - בת ים,90000,לא צויין,2018,1 ימים 
571,ג'יפים,מיצובישי - אאוטלנדר,מודיעין והסביבה,189000,"75,000 ₪",2014,30 ימים 
572,ג'יפים,מיצובישי - אאוטלנדר,תל אביב,50000,"30,000 ₪",2014,30 ימים 
573,ג'יפים,מיצובישי - פג’רו קצר,קריות,45000,"235,000 ₪",2018,28 ימים 
574,ג'יפים,יונדאי - טוסון,יישובי השומרון,180000,"22,000 ₪",2007,27 ימים 
575,ג'יפים,קיה - ספורטז’,חולון - בת ים,197000,"67,000 ₪",2016,27 ימים 
576,ג'יפים,ניסאן - ג’וק JUKE,ירושלים והסביבה,144000,"27,500 ₪",2011,25 ימים 
577,ג'יפים,יונדאי - טוסון,בית שמש והסביבה,70000,"110,000 ₪",2018,8 ימים 
578,ג'יפים,גי’פ / Jeep - גרנד צ’ירוקי,"ראשל""צ והסביבה",90000,"125,000 ₪",2012,28 ימים 
579,ג'יפים,גי’פ / Jeep - גרנד צ’ירוקי החדשה,חולון - בת ים,53000,"249,000 ₪",2019,27 ימים 
580,ג'יפים,ניסאן - קשקאי,"ראשל""צ והסביבה",75162,"75,000 ₪",2015,11 ימים 
581,ג'יפים,יונדאי - קונה,פתח תקוה והסביבה,25000,"107,000 ₪",2019,8 ימים 
582,ג'יפים,טויוטה - לנד קרוזר ארוך,"ראשל""צ והסביבה",276000,לא צויין,2012,2 ימים 
583,ג'יפים,יונדאי - סנטה פה,נתניה והסביבה,15000,"270,000 ₪",2021,11 ימים 
584,ג'יפים,סקודה - קודיאק,גליל ועמקים,17000,"190,000 ₪",2021,11 ימים 
585,ג'יפים,קיה - סורנטו,נתניה והסביבה,188600,"60,000 ₪",2011,10 ימים 
586,ג'יפים,סובארו - פורסטר,זכרון - בנימינה,207000,"60,000 ₪",2011,9 ימים 
587,ג'יפים,ניסאן - קשקאי,הוד השרון והסביבה,16000,"129,000 ₪",2019,16 ימים 
588,ג'יפים,הונדה - HR-V,נתניה והסביבה,13500,"120,000 ₪",2019,11 ימים 
589,ג'יפים,קיה - ספורטז’,מושבים בשפלה,99600,"98,000 ₪",2018,17 ימים 
590,ג'יפים,מיצובישי - אאוטלנדר,אשדוד - אשקלון,88000,"133,500 ₪",2017,16 ימים 
591,ג'יפים,ניסאן - קשקאי,אשדוד - אשקלון,13895,"142,700 ₪",2021,8 ימים 
592,ג'יפים,יונדאי - טאראקן,באר שבע והסביבה,265000,לא צויין,2006,2 ימים 
593,ג'יפים,מאזדה - CX5,באר שבע והסביבה,99000,"115,000 ₪",2017,8 ימים 
594,ג'יפים,אאודי - Q5,ירושלים והסביבה,52000,"235,000 ₪",2018,12 ימים 
595,ג'יפים,ניסאן - אקס טרייל,אשדוד - אשקלון,117000,"123,000 ₪",2018,12 ימים 
596,ג'יפים,מיצובישי - פג’רו ארוך,אילת והערבה,286000,"42,500 ₪",2002,15 ימים 
597,ג'יפים,יונדאי - טוסון,רמת גן - גבעתיים,62000,"82,000 ₪",2016,3 ימים 
598,ג'יפים,סקודה - קודיאק,פתח תקוה והסביבה,10000,"185,000 ₪",2021,11 ימים 
599,ג'יפים,קיה - סורנטו,אשדוד - אשקלון,82000,"140,000 ₪",2018,12 ימים 
600,משאיות,איסוזו - ,מושבים בדרום,7,לא צויין,2007,0 דקות 
601,משאיות,מיצובישי - קאנטר,"ראשל""צ והסביבה",36000,לא צויין,2020,0 דקות 
602,משאיות,סקניה - R440,מושבים בצפון,670000,לא צויין,2013,0 דקות 
603,משאיות,מיצובישי - קנטר פוסו,עכו - נהריה,3000,לא צויין,2010,0 דקות 
604,משאיות,מרצדס - Atego 1018,ירושלים והסביבה,382000,לא צויין,2007,0 דקות 
605,משאיות,וולוו - ,מושבים בצפון,394000,לא צויין,2017,0 דקות 
606,משאיות,וולוו - הייבר,עכו - נהריה,340000,"285,000 ₪",2016,0 דקות 
607,משאיות,מרצדס - Actros,באר שבע והסביבה,450000,"270,000 ₪",2013,0 דקות 
608,משאיות,איסוזו - ,טבריה והסביבה,2850,"105,000 ₪",2016,0 דקות 
609,משאיות,וולוו - הייבר,מושבים בשרון,420000,לא צויין,2015,0 דקות 
610,משאיות,רנו - מאסטר גבוה,עכו - נהריה,193000,"105,000 ₪",2018,0 דקות 
611,משאיות,סקניה - 360,רמת השרון - הרצליה,150000,"100,000 ₪",2001,0 דקות 
612,משאיות,רנו - גרר,מושבים בצפון,394000,"160,000 ₪",2015,0 דקות 
613,משאיות,סקניה - 380,מושבים בדרום,139999,לא צויין,2002,0 דקות 
614,משאיות,דאף - SR 140 טון,מושבים בצפון,100000,"270,000 ₪",2007,2 ימים 
615,משאיות,רנו - מנדלום,חדרה וישובי עמק חפר,400000,"30,000 ₪",2007,0 דקות 
616,משאיות,סקניה - R440,עכו - נהריה,630000,"150,000 ₪",2014,0 דקות 
617,משאיות,איסוזו - Npr75,מושבים בצפון,350000,"90,000 ₪",2008,0 דקות 
618,משאיות,איווקו - ,יישובי השומרון,145000,"1,000 ₪",2010,0 דקות 
619,משאיות,וולוו - fh13 460,באר שבע והסביבה,470000,לא צויין,2014,23 ימים 
620,משאיות,וולוו - הייבר,מושבים בשרון,420000,לא צויין,2015,0 דקות 
621,משאיות,דאף - 250,מושבים בצפון,300000,"70,000 ₪",2010,0 דקות 
622,משאיות,שברולט - סילברדו,תל אביב,130000,"125,000 ₪",2018,0 דקות 
623,משאיות,אינטרנשיונל - ספורט/כביש,יישובי השומרון,30000,"16,000 ₪",2020,2 ימים 
624,משאיות,דאף - מוטוקרוס,באר שבע והסביבה,8000,"19,000 ₪",2001,2 ימים 
625,משאיות,איווקו - ,יישובי השומרון,145000,"1,000 ₪",2010,0 דקות 
626,משאיות,רנו - ,רמלה - לוד,320000,"115,000 ₪",2015,0 דקות 
627,משאיות,מרצדס - NEW ACTROS 2524L,נתניה והסביבה,485000,"172,000 ₪",2015,0 דקות 
628,משאיות,מיצובישי - ,גדרה יבנה והסביבה,210000,"140,000 ₪",2015,2 ימים 
629,משאיות,אינטרנשיונל - ספורט/כביש,גדרה יבנה והסביבה,5000,"21,500 ₪",2020,1 ימים 
630,משאיות,סקניה - 380,מושבים בדרום,139999,לא צויין,2002,0 דקות 
631,משאיות,פורד - דו שימושי,רמת גן - גבעתיים,7400,"52,985 ₪",2021,2 ימים 
632,משאיות,איווקו - איווקו 15 טון דבל קבינה,ירושלים והסביבה,600000,"69,000 ₪",2007,0 דקות 
633,משאיות,אינטרנשיונל - ספורט/כביש,עכו - נהריה,5600,"28,000 ₪",2020,20 שעות 
634,משאיות,איסוזו - Npr75,מושבים בצפון,350000,"90,000 ₪",2008,0 דקות 
635,משאיות,וולוו - Fh460,באר שבע והסביבה,490000,"170,000 ₪",2012,0 דקות 
636,משאיות,איסוזו - סומו 0053 אוט דיזל 3.0 (120 כ’’ס),באר שבע והסביבה,420000,"60,000 ₪",2020,2 ימים 
637,משאיות,איסוזו - ספורט/כביש,יישובי השומרון,13500,"43,000 ₪",2020,1 ימים 
638,משאיות,איסוזו - ספורט/כביש,בקעת אונו,24000,"30,000 ₪",2018,1 ימים 
639,משאיות,וולוו - ,אשדוד - אשקלון,250000,"60,000 ₪",2011,0 דקות 
640,משאיות,אינטרנשיונל - ספורט/כביש,עכו - נהריה,4600,"35,000 ₪",2021,9 ימים 
641,משאיות,דאף - מוטוקרוס,באר שבע והסביבה,8000,"19,000 ₪",2001,2 ימים 
642,משאיות,אינטרנשיונל - ספורט/כביש,יישובי השומרון,18500,"10,000 ₪",2020,15 ימים 
643,משאיות,אינטרנשיונל - ספורט/כביש,חדרה וישובי עמק חפר,25000,"25,000 ₪",2020,15 ימים 
644,משאיות,מיצובישי - חד קבינה ידני דיזל 3.0 (96 כ’ס) 3.5 טון,מושבים בדרום,253000,"60,000 ₪",2009,7 ימים 
645,משאיות,טויוטה - XZU730L תא יחיד אוטו טורבו דיזל 5.1,פתח תקוה והסביבה,260000,"65,000 ₪",2013,3 ימים 
646,משאיות,אינטרנשיונל - ספורט/כביש,נס ציונה - רחובות,19000,"28,000 ₪",2021,11 ימים 
647,משאיות,מאן - דו שימושי,אזור דרום,8607,"41,000 ₪",2018,5 ימים 
648,משאיות,איסוזו - I אוט 1.6,קריות,140000,"8,000 ₪",1990,21 ימים 
649,משאיות,פורד - דו שימושי,אשדוד - אשקלון,9000,"25,000 ₪",2016,19 ימים 
650,משאיות,אינטרנשיונל - דו שימושי,גדרה יבנה והסביבה,15000,"29,000 ₪",2020,20 ימים 
651,משאיות,אינטרנשיונל - ספורט/כביש,גדרה יבנה והסביבה,7000,"30,000 ₪",2021,29 ימים 
652,משאיות,מיצובישי - קאנטר 6200 טון,גליל ועמקים,360000,"20,000 ₪",2000,8 ימים 
653,משאיות,איסוזו - ספורט/כביש,באר שבע והסביבה,113000,"18,000 ₪",2014,18 ימים 
654,משאיות,דאף - מוטוקרוס,קריות,15000,"15,000 ₪",2006,10 ימים 
655,משאיות,אינטרנשיונל - ספורט/כביש,תל אביב,16700,"15,990 ₪",2019,3 ימים 
656,משאיות,פורד - דו שימושי,רמת גן - גבעתיים,7400,"52,985 ₪",2021,2 ימים 
657,משאיות,אינטרנשיונל - דו שימושי,גדרה יבנה והסביבה,12000,"27,000 ₪",2020,3 ימים 
658,משאיות,איסוזו - סומו 0053 אוט דיזל 3.0 (120 כ’’ס),באר שבע והסביבה,420000,"60,000 ₪",2020,2 ימים 
659,משאיות,אינטרנשיונל - ספורט/כביש,בית שמש והסביבה,13000,"19,000 ₪",2018,6 ימים 
660,משאיות,מאן - Bb220,מושבים בצפון,143000,לא צויין,2006,0 דקות 
661,משאיות,מיצובישי - פוסו,פתח תקוה והסביבה,170000,לא צויין,2015,0 דקות 
662,משאיות,וולוו - FE,רעננה - כפר סבא,207000,לא צויין,2013,0 דקות 
663,משאיות,מאן - 15 טון,מושבים בשפלה,560000,"70,000 ₪",2009,0 דקות 
664,משאיות,וולוו - Fh 460 הייבר,מושבים בשרון,525000,"205,000 ₪",2015,0 דקות 
665,משאיות,מרצדס - אטגו 814,גדרה יבנה והסביבה,500000,"33,000 ₪",2001,0 דקות 
666,משאיות,רנו - 12 טון,באר שבע והסביבה,310000,לא צויין,2014,0 דקות 
667,משאיות,מאן - Tgm,חיפה וחוף הכרמל,240000,"1,000 ₪",2014,0 דקות 
668,משאיות,מרצדס - ספרינטר cdi,אשדוד - אשקלון,240000,"170,000 ₪",2017,0 דקות 
669,משאיות,איסוזו - 7.5 ton,זכרון - בנימינה,393000,לא צויין,2008,0 דקות 
670,משאיות,דאף - 55,באר שבע והסביבה,500000,"110,000 ₪",2015,0 דקות 
671,משאיות,וולוו - FH460,מושבים בדרום,445000,לא צויין,2017,0 דקות 
672,משאיות,איווקו - דילי c15,אשדוד - אשקלון,200000,"65,000 ₪",2015,0 דקות 
673,משאיות,וולוו - FL6,גליל ועמקים,110000,לא צויין,2015,0 דקות 
674,משאיות,רנו - 15 טון,אשדוד - אשקלון,295000,לא צויין,2012,0 דקות 
675,משאיות,וולוו - fh500,באר שבע והסביבה,420000,לא צויין,2017,0 דקות 
676,משאיות,רנו - מאטר,מושבים בצפון,85000,"80,000 ₪",2018,0 דקות 
677,משאיות,איסוזו - איסוזו מנוף 10 טון,מושבים בשרון,480000,לא צויין,2011,0 דקות 
678,משאיות,"איסוזו - N2 משא למיכלי גפ""מ",חיפה וחוף הכרמל,490000,"49,000 ₪",2011,0 דקות 
679,משאיות,דאף - 55,אשדוד - אשקלון,313000,"50,000 ₪",2001,0 דקות 
680,משאיות,איווקו - דו שימושי,באר שבע והסביבה,8533,"12,300 ₪",2015,16 דקות 
681,משאיות,דאף - 220 55 Lf,מושבים במרכז,239000,לא צויין,2014,0 דקות 
682,משאיות,מאן - ,באר שבע והסביבה,400000,לא צויין,2009,19 ימים 
683,משאיות,מרצדס - ספרינטר cdi,אשדוד - אשקלון,240000,"170,000 ₪",2017,0 דקות 
684,משאיות,מיצובישי - חד קבינה ידני דיזל 3.0 (96 כ’ס) 3.5 טון,קריות,340000,"60,000 ₪",2009,18 ימים 
685,משאיות,סקניה - ,פתח תקוה והסביבה,500000,לא צויין,2009,0 דקות 
686,משאיות,דאף - 55,באר שבע והסביבה,500000,"110,000 ₪",2015,0 דקות 
687,משאיות,רנו - מאטר,מושבים בצפון,85000,"80,000 ₪",2018,0 דקות 
688,משאיות,דאף - 55,אשדוד - אשקלון,313000,"50,000 ₪",2001,0 דקות 
689,משאיות,איסוזו - ספורט/כביש,מושבים בשרון,4545,"39,000 ₪",2018,14 ימים 
690,משאיות,אינטרנשיונל - דו שימושי,יישובי השומרון,40000,לא צויין,2019,9 ימים 
691,משאיות,וולוו - ,מושבים בצפון,343000,לא צויין,2009,0 דקות 
692,משאיות,וולוו - fl 250,חיפה וחוף הכרמל,500000,לא צויין,2006,0 דקות 
693,משאיות,וולוו - ,באר שבע והסביבה,198000,לא צויין,2019,20 שעות 
694,משאיות,מרצדס - 2541,מושבים בדרום,850000,לא צויין,2012,0 דקות 
695,משאיות,מרצדס - ארקוס,באר שבע והסביבה,390000,לא צויין,2016,20 שעות 
696,משאיות,מאן - משא להובלת רכב,נתניה והסביבה,180000,לא צויין,2013,20 ימים 
697,משאיות,מאן - ,"ראשל""צ והסביבה",280000,לא צויין,2006,20 שעות 
698,משאיות,אינטרנשיונל - דו שימושי,אילת והערבה,2000,לא צויין,2020,2 ימים 
699,משאיות,וולוו - נתמך וילון קירור 13.60,גליל ועמקים,1000,לא צויין,2010,1 ימים 
700,משאיות,מיצובישי - חד קבינה ידני דיזל 3.0 (96 כ’ס) 3.5 טון,קריות,340000,"60,000 ₪",2009,18 ימים 
